<?xml version="1.0" encoding="UTF-8"?>
<beans:beans xmlns="http://www.springframework.org/schema/mvc"
	xmlns:xsi="http://www.w3.org/2001/XMLSchema-instance"
	xmlns:beans="http://www.springframework.org/schema/beans"
	xmlns:context="http://www.springframework.org/schema/context"
	xsi:schemaLocation="http://www.springframework.org/schema/mvc https://www.springframework.org/schema/mvc/spring-mvc.xsd
		http://www.springframework.org/schema/beans https://www.springframework.org/schema/beans/spring-beans.xsd
		http://www.springframework.org/schema/context https://www.springframework.org/schema/context/spring-context.xsd">

	<!-- DispatcherServlet Context: defines this servlet's request-processing infrastructure -->
	
	<!-- Enables the Spring MVC @Controller programming model -->
	<annotation-driven />

	<!-- 어떤 명령어가 날아왔을 떄 어떻게 처리할 것인가 // 원래 모든 명령어는 servlet으로 이동. 근데 servlet으로 이동하지 않아야 하는 명령어 애들도 존재(ex.jsp에서 img호출하는 경우) -->
	<!-- 이미지 혹은 css. 정적 객체 처리 설정 -->
	<!-- Handles HTTP GET requests for /resources/** by efficiently serving up static resources in the ${webappRoot}/resources directory -->
	<resources mapping="/resources/**" location="/resources/" />
	<resources mapping="/uploadimg/**" location="/uploadimg/" /> <!-- uploadimg로 날아오는 애들은 servlet 말고 uploadimg 폴더로 보내라 -->
	<resources mapping="/css/**" location="/resource/css/" />
	
	<default-servlet-handler/> <!-- 모든 정보가 servlet을 통과하되, 매핑된 애가 없으면 자동으로 애를 찾는다(ex. .jpg로 날아온 애를 일단 받긴 받되, 404 오류 안띄우고 알아서 정적 객체(그 이미지)를 찾아서 보여주겠다 -->

	<!-- Resolves views selected for rendering by @Controllers to .jsp resources in the /WEB-INF/views directory -->
	<beans:bean class="org.springframework.web.servlet.view.InternalResourceViewResolver">
		<beans:property name="prefix" value="/WEB-INF/views/" />
		<beans:property name="suffix" value=".jsp" />
	</beans:bean>
	
	<!-- @@@@@@@@ 핵심 코드 : 패키지 아래의 controller를 스캔, 따라서 controller만 존재해야함 @@@@@@@@@@ -->
	<context:component-scan base-package="com.ja.springex.controller" />
	
	<!-- fileupload용 인스턴스 추가 -->
	<beans:bean id="multipartResolver" class="org.springframework.web.multipart.commons.CommonsMultipartResolver">
		<beans:property name="maxUploadSize" value="100000000"></beans:property> <!-- @@@@@@@@@ property : setter @@@@@@@@@ -->
	</beans:bean>
	
</beans:beans>
